"","GSM1317914","GSM1317915","GSM1317916","GSM1317917","GSM1317918","GSM1317919","GSM1317920","GSM1317921","GSM1317922","GSM1317945","GSM1317946","GSM1317947","GSM1317948","GSM1317949","GSM1317950","GSM1317951","GSM1317952","GSM1317953","GSM1317954","GSM1317955","GSM1317956","GSM1317957","GSM1317958","GSM1317959","GSM1317960","GSM1317961","GSM1317962","GSM1317963","GSM1317964","GSM1317965","GSM1317966","GSM1317967","GSM1317968","GSM1317969","GSM1317970"
"ILMN_1764380",11.546017371504,11.476623654089,11.159424818012,11.6581121512477,11.8538841328251,11.4818743515085,11.1638610010269,11.5054144345839,11.4122449439567,11.1616398371104,10.7732688072676,10.6461870650688,10.9212541968513,10.3905298929251,10.6328186603112,10.5294253192962,10.5629757264119,10.5085838646868,10.4669294598503,10.5801762908659,10.6444456911198,10.2451758556388,10.7553987468894,10.2087843279208,10.4093779300398,10.4030200817886,10.5942694623472,10.379795794552,10.3830070792744,9.9316086484384,10.3033971678731,10.3416975871013,10.3953162698226,10.5991639072297,10.3642950826609
"ILMN_2112417",9.51419483573722,9.55902817835474,9.14565346664229,9.72446884059283,10.1934581939179,9.750132997949,9.75131233912185,10.0369922241027,9.62678041234193,9.39507020088959,9.03608705533245,8.9284679405029,8.41200939281277,8.53742849161704,8.1955662832435,8.30770334217859,8.32460119728212,8.22169879789944,8.2466836770934,8.34795594957522,8.09962370234847,8.44164165373658,8.19683455129162,8.52212170432594,8.64621846358095,8.85996153459262,8.23664598621285,8.22316123232486,8.26156039312832,8.13980481295714,8.36848528686,8.67761880834902,8.20867430780355,8.37897956932358,8.29951808358518
"ILMN_1666742",6.62981301838761,7.09813892898325,6.91526137552183,7.18284199891111,7.14427085321651,7.45737294172001,7.2174488173881,7.30039318385271,6.96501789944321,6.59982197932736,6.44295202560125,6.6699365630966,6.61235400125314,6.04240379653864,6.22333056633656,6.22918158477541,6.37743702865107,5.99801483344351,6.42750498684087,6.31924314021198,6.4464126501083,6.37596389562169,6.18216961754374,6.40968113184918,6.21199849662738,6.28445461452559,6.22573182784955,6.4122353835491,6.22752954735098,6.33932040215354,6.4738550662275,6.54480879096939,6.37396485481584,6.27901737644838,6.26864289115719
"ILMN_1700025",8.85182740516493,8.83957436693645,8.67986130621042,9.31879382551182,9.58143805050314,9.19474415067984,8.91420496187729,9.38578097825591,8.92743453568147,8.79852645519015,8.28154632655296,8.40920099780191,7.71847503437375,8.16537256578158,7.84985520056176,7.92222682568181,7.84985520056176,7.94202639021637,7.91347646282344,8.13789318165239,8.03445630476081,8.15025773818829,7.7906893453117,8.14711971837195,8.07052152968035,8.29788168395188,7.62060479953325,8.11329226592676,7.86595543785772,7.93675972941886,7.80666233170936,8.13721496116953,7.72520150899471,7.80567928232821,7.78324602539521
"ILMN_1661366",7.46342687404076,7.48162303814885,7.56974250836612,7.97727266943742,8.13789318165239,7.82002069311674,7.72780558007178,7.69936658269359,7.43405357713379,7.40040517427464,7.02060797786312,7.03542657444416,6.70364248532562,7.07848084687206,6.76929887110427,6.78793623298663,6.74701482116821,7.23360740249957,6.99020468154829,6.96985708664336,6.98666912883486,7.10759797137819,6.83786484431027,6.84413760300054,7.02176346663839,6.89078137490083,6.79084791728848,6.92739243877473,6.96424107215374,6.90499037972117,6.81347546292118,6.88066678509356,6.97504790457228,6.61740122340407,7.13339077663827
"ILMN_2363591",11.0054333337242,11.2373349561479,11.470429605695,10.8459276979969,11.5054144345839,11.0561228711261,11.2053423873976,11.4401769981824,11.0942800155044,10.8538504151234,10.3192553818852,10.2617515587249,9.32046709709002,9.39378143898156,9.63078516805918,9.67139300161696,9.67857216511907,9.89323573557282,9.81886249814159,10.2625828309725,10.3582133435517,10.1019427251615,9.75235255479861,9.8542288165509,10.4432877801071,9.94097870998929,10.0270682921762,10.0107546490568,10.3344491917333,10.0771462975357,9.72699646830409,10.0332551476496,9.51718742661229,9.55526841433223,10.1099408560585
"ILMN_1686388",7.33959748703248,7.72879909719496,7.51320848198887,7.80786569418254,8.30163166688594,7.39577203293125,7.86576927504998,8.03932273279807,7.81461760597804,7.42713877301593,7.21598981233806,6.98620939847487,7.00060561278169,7.04937626031644,6.74318553460689,6.78872833599359,6.78591911263091,6.83212762728087,6.88691969840736,6.90421107376547,6.96439363887418,6.9230263019924,6.81861386461209,6.89652894031005,7.03483553503086,7.03515327338154,6.97299141966354,7.03483553503086,7.107985527521,6.77198574189318,7.1362328919532,7.04289233983628,7.21799383330084,7.05167410291572,6.73239803551112
"ILMN_1721659",8.34718986838581,8.51205864025607,8.49691670367251,8.35519202985057,9.19055810500261,8.02213365027474,8.25981659413915,8.22691850855625,8.24153639246692,7.82449205448746,7.82614940221855,8.0092581922991,7.26931587572187,7.43791514190313,7.46551641554542,7.4389221092,7.55162020449979,7.68348508616063,7.47052797281874,7.58501532635339,7.56757706333304,7.6490574279744,7.40660815191637,7.61436516207535,7.79316579395739,7.75588976047013,7.29082307611155,7.48733926299877,7.68426554105059,7.57639064454869,7.50433163806866,7.7331228382587,7.42054454268536,7.37838567781664,7.45581987108288
"ILMN_2346831",7.12063277396334,7.19406126479334,7.24438971744978,7.39068139823099,7.36833558578432,7.54095512820141,7.47844982301692,7.37653658951281,7.20950108859378,6.84923075261804,6.90836461292342,7.13183248181988,6.97406878574327,6.80891802773236,6.68468897824547,6.92333143537304,6.85147676410813,6.84927145188944,6.77495036727707,6.81861386461209,6.94945496821246,6.99318200485246,6.91830975261833,6.80553744132249,6.86932358627528,6.68445702531371,6.9232419407619,6.87257083671583,6.69812591487662,6.94885067623906,7.0201454110523,6.79694783523819,6.79254550147204,6.95878343158187,6.95892668583938
"ILMN_1795298",7.77436622817615,7.15646836783555,6.8734731495814,7.15028800049295,7.42686167356155,7.8633774206913,7.8815050494602,7.63524769633882,7.50220539173516,6.55485170243797,7.07783810794866,6.97802071529848,6.80439605012626,6.84798456120623,6.46885518607589,6.38141885432025,6.53330071017626,5.81139533312096,6.30288929785446,6.35641851563749,6.58580265874251,6.34655229609356,6.25814485135633,6.18684426795367,6.30329402982992,6.4851697810327,6.45205050621032,6.32469031025141,6.11000176881994,6.11983414845054,5.99221547143502,6.12131694920171,6.1327893742729,6.22022410742006,6.2188229165265
"ILMN_2340565",7.16887474757291,7.30082210679701,7.47964596848862,7.24244693340149,7.41224556553375,7.28478397312248,6.99389402959502,7.12562327129502,6.79334166282762,7.00944361693958,6.78371051801936,6.93084898545949,6.48539344427749,6.38707617515143,6.706161050425,6.53345750027755,6.68397274304592,6.55963021339732,6.633906588234,6.64042907425269,6.62130574874042,6.59401145531615,6.56093312381357,6.52779965010149,6.87898533323343,6.52473215644968,6.51915144013147,6.36914488211604,6.58445646935781,6.44024731755106,6.61678390486366,6.63002440201173,6.56477900431051,6.56618436223377,6.56928004004645
"ILMN_1767193",7.00785776938183,7.31687922948633,7.08093969444498,7.48795998706495,7.7206293564297,7.04658941643693,7.10617849378748,7.15561646198364,7.05719411881178,7.04953328109931,6.96957453246979,6.79726236687833,6.63891296395323,6.11218600341386,6.23747730996253,6.25890202709396,6.27487760843848,6.21471602367424,6.13385951180986,6.32454323751484,5.87906975385237,6.26841143059517,6.14401719606296,6.31470046356667,6.36839323170332,6.21010600588483,6.25157244238645,6.29960435892913,6.17985741365725,6.22746062775235,6.01712298288272,6.42222685167523,6.31605399437401,6.34908338431995,6.09551133620742
"ILMN_2384056",7.79687101411475,7.30900431058531,6.9177190427219,7.77691917505149,7.85650106504657,8.5562232694637,8.4136181036099,8.15227623488569,7.97647265602792,6.70318811798913,7.45420494855288,7.27925901572702,7.23564928160843,7.08103595163881,6.42372430992144,6.37965076834267,6.24837736488365,6.02063965782586,6.39769720774663,6.32343667052741,6.30190429105799,6.41024632020788,6.29831173200725,6.30089023053283,6.46597991626829,6.57961867052136,6.61012697515712,6.55027295058509,6.25475958256099,6.22746062775235,6.48890813262492,6.36924829080411,6.39319323537404,6.37729275609389,6.40599204696201
"ILMN_2085760",10.3905298929251,10.3140361203833,10.0093737352953,9.7058594026243,10.293278265771,9.88349638007851,9.90256329296797,9.98703079449743,10.1964521029473,9.42102043073317,9.70087300274957,9.32873610159315,8.4310285627212,9.81533055512133,8.46735554987458,8.50232121279434,8.4470973390539,9.00112923029054,8.28927420293674,8.5245182338416,8.33133121385181,9.12585754786037,7.96737274396568,8.69617364085803,8.58426918078004,8.7204768725234,8.37329252424833,8.55899150418977,8.15422813946408,8.50972191813572,8.45206698995588,8.44736875624623,8.96455683792434,8.34451737771849,8.80619765358288
"ILMN_1880983",7.28171479066503,7.29523590098454,7.14332769050993,7.26096078691925,7.51828022717212,6.97624394857474,7.03271081660135,7.03498328269333,6.78239620665396,6.78447045954803,6.8670650117136,6.60589930750989,6.71415133857643,6.5908795471745,6.47207145658337,6.56137486094646,6.52402553250558,6.61502908529554,6.59610755213883,6.48670269665219,6.60903446559606,6.48221025533157,6.5466832549357,6.37797657870242,6.51565879759797,6.43728129551908,6.4714653266562,6.48936622120136,6.390087741931,6.22190760707798,6.30587680268951,6.74389565597196,6.672246739403,6.91965254270571,6.42555701785897
"ILMN_1657423",8.38228535941946,8.84340188921695,8.64568044294661,8.09897599770479,8.70944787895628,8.79975223084532,8.67698963095001,8.92154900647487,8.77257771158422,8.17938356674266,8.37676460102473,8.1249392291246,7.51320848198887,8.20933961908716,7.49446784955084,7.52073097450022,7.54052329362321,7.60619704232208,7.75886843700686,8.02154702642032,7.92240887050315,7.81662860608468,7.62651190686261,8.01091550345409,7.64117865546175,7.7153350822186,7.70832204256366,7.98614987853305,7.8039228816619,7.25594262376552,7.80909895140417,7.95970465783803,7.77484500349685,7.89375922776535,7.7035528961278
"ILMN_1731354",8.8843213941218,9.02893014594389,8.58850927345079,9.29152389628843,9.28393172384532,8.94984889824745,9.30531549617482,9.0197319078015,8.98230205022682,8.55445231504302,8.23899808511037,8.82530104687129,8.85330521241877,8.26830037400897,8.24935234701882,8.13255622413485,8.08579551158987,8.07458169907225,8.07928937506577,8.09916659520047,8.31588600272413,8.55820985486424,8.12710962169226,7.83985568759135,8.06772851162789,8.14540897092521,8.01237097362407,7.89719399579869,8.10878179024178,8.03048824190808,8.44094544173338,8.40263578585675,8.03126083256228,8.32085915955358,7.95249876398554
"ILMN_1696432",7.0208342970338,7.07161809280878,6.75467900339545,7.06902771203891,7.03853189986889,6.78308022143267,6.71905542108648,6.79398482261889,6.91840182725981,6.19142021213138,6.57367375231361,6.88529412075631,6.23466525897119,6.24802254096495,6.52063413568949,6.2833506845813,6.36789404407074,6.40977900118213,6.40491107324063,6.36776593055409,6.45752688720533,6.33446755459427,6.38267903936987,6.25203603664076,6.5633938832598,6.5209605636145,6.2089361019519,6.29091308346171,6.58799163922536,6.28629703582182,6.12244684692274,6.09219351626616,6.21852089369332,6.14440427636747,6.15405592979437
"ILMN_1680687",6.76545478735494,6.84193733986369,6.81724552583041,6.85443289697746,7.07138275108268,6.95134015191996,6.74743877398215,6.98815212095168,6.81893783494005,6.39098802232485,6.59243484547399,6.56499351294417,6.39917030686558,6.24802254096495,6.43303046814486,6.54740525956314,6.5387722096205,6.58476298493061,6.55584630608077,6.49239247589643,6.56390197177524,6.3231526278013,6.48524385873947,6.54782838523721,6.49627335034888,6.56232555634691,6.65420855964124,6.56519421625238,6.45231296869932,6.41686093986253,6.46321131406274,6.52164306308984,6.50225461338122,6.81194637936966,6.54454778217241
"ILMN_1691809",7.17575804821541,7.41627393280902,7.36464804830685,7.3454924947509,7.83965757775487,7.31126641038497,7.64588189342561,7.41602520674772,7.30942244718566,6.87450513601362,6.81622055769873,7.2986256487142,7.17027365335464,6.98709980161958,6.54186128648827,6.73906437190683,6.60924490278767,6.7086933483298,6.6476868086736,6.80403220867647,6.88372378733476,6.71858769568876,6.69233193900036,6.73656245146908,6.84753127067481,6.6104286241781,6.48476119152656,6.61709140707279,6.67671671746696,6.53503780992817,6.85012069046626,7.15892311104459,6.41695150008558,6.58757684722497,6.35797593455164
"ILMN_1700855",7.9276528049727,7.83985568759135,8.26240405477811,7.67637427032312,8.17594184484103,7.87216460923493,7.87680863269723,7.89472464821843,7.87263823901525,7.59894648969988,7.51728918259675,7.86685910038955,7.06271740700787,7.17998813935986,6.56115736873729,6.6352499806752,6.64254469671159,6.63058112334004,6.8293430318113,6.88546649743913,6.64167162811575,6.79398482261889,6.69808248216524,7.14342267539624,6.82827082319268,6.84578975581676,6.9125631201784,7.37778061836056,6.54907517739271,6.2712001025041,6.44953616433687,6.84109852532608,7.04945477070788,6.97802071529848,7.14230793559045
"ILMN_2404065",8.39968556893593,8.44422833071888,8.21550667252784,7.48550833244399,7.68947650655903,7.65671646986063,7.96898059705424,8.10068160802409,7.77989680773595,7.58975854365522,7.36988812143227,7.33779001064548,6.94938648953165,7.72092068305146,7.32764906051282,6.85834331297185,6.94438049398692,6.94726739197421,6.84909341779825,7.05828364127564,6.9961636175073,7.07609205939973,6.86921900308629,6.94931090212382,7.40601589765362,7.28745714183654,6.76691438043657,7.08325950222254,7.20047682563935,6.74130289385305,6.91975596462894,7.08701122520688,7.3233067080061,7.34436474289823,7.33662951117243
"ILMN_1676719",6.97155610014327,7.2415830749324,6.90385649723633,7.12331422574358,7.64748131827672,6.83488460126021,7.28865246965395,7.26335911060343,7.09641434996262,7.06637911992652,6.68480571046044,6.44878427147041,6.68163728975148,6.6456146684416,6.43784405648239,6.62178058020223,6.53957446595124,6.47704668863662,6.4910003429805,6.7086017246145,6.51399539583539,6.45162679227044,6.44759073380606,6.53620156372024,6.51277745846024,6.52831460529012,6.79645388457081,6.56724880885887,6.54635382103544,6.26934258128015,6.35103872854931,6.6175596473995,6.25707808288747,6.70986672792446,6.77495036727707
"ILMN_1690063",7.97988081736993,8.23285128399978,8.08717321305412,8.27241597119158,8.28178631167778,8.26781426135124,7.62334319644407,7.8816752654304,8.28773308570269,7.91236462499691,8.12363642678932,7.44123699251413,7.14554695546505,7.48513231219278,6.97170276153388,7.06196243650246,7.04953328109931,7.15214684191208,7.08195899568892,7.14521452082384,6.96662944459324,7.06022792450284,7.1049331943343,7.54189018944204,7.01276061095994,7.22025553323578,7.07152939186472,7.18294243289032,7.05311108702534,6.51473195499868,7.17297334739882,7.26671649312812,7.19472724439542,6.84287195885328,7.46968504897552
"ILMN_2389273",7.61140837937445,7.93999869137332,7.59141845508683,7.2942193706101,7.47735913689385,7.19372217667128,7.47331114660967,7.02591388206326,7.15777971088558,6.89863119951938,7.27740399614933,6.90059125737791,7.18550128405688,6.31827955544097,6.78185702626919,6.49275406683108,6.58367645155526,6.80306056937028,6.72917719941296,6.74034375178893,6.83219467897402,6.56036031449532,6.6869089406632,6.33626240962714,6.86520402498657,6.77574522106082,6.6483064456731,6.73665068657369,6.56522896865968,6.73427270499426,6.79792529666725,6.72539886494265,6.73342791136815,6.46193041145409,6.73239803551112
"ILMN_1746598",8.14797096422937,7.93999869137332,7.91258074429935,7.86097118762237,8.03859716531153,7.84201096328485,7.90327102093779,7.53357674451577,7.9131123367113,7.64717991393822,7.89783464006994,7.34240768282527,7.2068770674976,7.32186220957166,7.37330130492415,7.33802837330035,7.44233714094441,7.49446784955084,7.26661556088611,7.42244793634987,7.61633438732561,7.397585416245,7.46142947802604,7.37617188654935,7.46496339847715,7.46198587188899,7.5129237138061,7.42579206157656,7.46342687404076,7.29657844582009,7.50243823135957,7.37031565995,7.53782718620553,7.5667056952367,7.53285827353246
"ILMN_1887305",6.76168483737979,6.72413238387129,6.9315504276126,7.16353128989636,7.19276494016175,6.86993131890936,7.02343101560769,7.04848035582673,6.95782172620831,6.93579973325366,6.5714378342556,6.60795793474486,6.69553203866125,6.259534755769,6.40393490938404,6.6273816412401,6.38674660250203,6.37921576235828,6.54055798364345,6.45314537315433,6.45804185128586,6.44097243993239,6.34268936315289,6.2658045945796,6.34417508750347,6.397360773945,6.34731720485687,6.45430996678753,6.41712965768835,6.32315648104047,6.80268167969003,6.50138425703711,6.20785128129406,6.48645304475755,6.43177184491293
"ILMN_1882590",8.88893862454183,8.55113033983385,8.4209701543078,9.18966664711497,8.69356258000166,9.24837049839177,8.87230095211785,9.00923745249342,8.75113447394888,8.61413587752861,8.4924470923398,8.41914067776619,8.33789860043268,8.42072583371534,7.80407306687432,8.02911609155346,8.06959141215752,8.27398346943904,8.22407610241229,8.18833685604446,8.27332462965313,8.17966387323994,8.05706583356821,8.14603064330794,8.12955683444463,8.13196122780999,8.01127632727752,8.41942841588538,7.93470123114535,7.77720749603998,8.32750280645866,8.31852965471473,8.0353677290019,8.11640814798744,7.90981635597237
"ILMN_1658830",8.21488622366428,8.09645187140002,8.18858640232001,8.33640221045065,8.64064816386215,8.30550129664178,8.19421638715463,8.51690967722551,8.19790652371845,8.31991527591061,8.10174278229654,7.80732094970065,7.69631135781183,7.78976773463993,7.09060786717681,7.21140559444689,7.36870588952181,7.51786871838005,7.36631518880567,7.40549790899329,7.33802837330035,7.32481350097975,7.59780684211012,7.42206980067977,7.56948105076173,7.39056003455922,7.47096509574151,7.65889619054475,7.56814917571785,6.78036398524421,7.32559741993443,7.51233716083483,7.31978626813951,7.37330130492415,7.51646767807292
"ILMN_2279635",7.72077501974058,7.99268033643249,7.66744673570794,7.49500689418179,7.92583280466207,8.08404754178312,8.14100702627477,8.10068160802409,7.81614622188813,7.48821457438412,7.32165451768042,7.75234591836134,7.23427311222241,7.45876092878882,6.99162290571871,7.08274781453017,7.28104766407024,7.02343101560769,7.01478333362215,6.86859592442335,6.95653015536568,7.05199154218059,7.01804424144428,7.16016222060723,7.46256573872122,6.97985156064589,7.02420793905357,7.12210782661722,7.52895963284309,6.88133417256123,7.35454789588952,7.39734708473249,6.80082051939081,7.25035418149593,7.42550992765196
"ILMN_1802082",7.27104208873611,7.13873342500875,7.0697595732263,7.7614550652113,7.44885299948148,7.42475619081834,7.4000270535902,7.39910542963398,7.40280768535288,8.79472109534148,8.53931685458979,8.34572514363953,8.27199588655941,7.94242797887577,7.95809480823887,8.00339087226752,8.4561741200919,8.3290660187234,8.10353140247714,8.14321297571397,8.14215543207274,8.10702104900063,8.10898994514116,8.39492037019603,8.31565160243489,8.14670621415811,8.12384182567912,8.05915712974737,7.61449381459559,7.68155316783972,7.97966747918333,8.0444768251047,8.05706583356821,7.93239773189857,7.54853042507952
"ILMN_2324421",7.24620880750985,7.4651124868832,7.331499748332,7.06357021480688,7.78236826951866,7.648417442666,7.30817874409534,7.33225504300755,7.38020780974514,7.55492034158188,6.76472241149388,6.97553847861413,6.67213546491522,6.13580769167707,6.53236883795892,6.49078560158724,6.63213153128316,6.79334166282762,6.7309064394685,6.76648232825537,6.60185533249945,6.73656245146908,6.83136817563086,6.57846539336212,6.75541954017394,6.49414512529062,6.39190741613067,6.3009767816025,6.47111551678967,6.19243051824008,6.07243321929407,6.43412266111624,6.33268096791647,6.3571019522884,6.30887676754132
"ILMN_1736700",10.5547193690515,10.6481103541176,10.4075948574078,10.4529651408822,11.8956678137514,11.2708311204785,11.0899421376971,11.5665616843904,11.0539612702995,10.4110929654979,10.6843668910646,9.90855892752718,9.32626953936946,10.482164553504,9.29109815990451,9.35185654971156,9.4327593490979,10.1072075864352,9.54551946607877,10.066860446736,9.82766937590343,9.96571211545946,9.40947412580222,9.9014626089222,9.99842265747356,10.1161640459698,9.4373806919268,9.99156543468331,9.42458627552406,9.41676753839082,9.38578097825591,9.3274750863519,9.86034699992621,9.42361782846162,9.61175764040251
"ILMN_2148459",12.3805145104743,12.7813194434792,12.6736899036127,12.9657481074608,12.5350096518678,13.3638661788315,13.0037370343542,12.6900227712246,12.754604849406,12.7869853543086,13.0180336024916,13.7371732187841,13.7745392337426,13.3944909547568,13.5276272067933,13.3479377012485,13.3877253072553,13.5544987797858,13.4681250795231,13.6060102972759,13.7832787315641,13.5544987797858,13.570837656221,13.666509847415,13.666509847415,13.6234143385669,13.9631080207331,13.5015448192282,13.7745392337426,13.700640996475,13.8874516634879,14.0810343841589,13.7935886696946,13.7290683474066,14.0946733857919
"ILMN_2342084",6.89014843940025,6.90268573141718,7.19781742053576,7.47485452462723,7.43805839618436,7.13024374608684,6.91407457641526,6.94062646344233,7.07094775655251,7.02883067065826,6.79437435636218,6.85173730857089,6.76237586036367,6.3432142848472,6.67686923210611,6.64272898952544,6.67533865052044,6.66162761222444,6.50632302830474,6.58706949373226,6.65491113959624,6.58731688787257,6.62538994361524,6.57410635880612,6.71085783218633,6.69272046340405,6.60230668942464,6.60866930193371,6.57062631135621,6.50905210715347,6.5875251774725,6.56991637268612,6.38888598552674,6.48806298317164,6.59975055565464
"ILMN_2306955",7.25879156758433,7.34240768282527,7.0697595732263,7.35725727393211,6.96708173948138,7.56852854336448,7.53651280661545,7.56203847679138,7.37342669867747,6.69893999864444,7.00129362010899,7.39479805992135,7.16939130143405,6.21905623074329,6.65571978606523,6.68343039320935,6.5663325641153,6.40861471872818,6.47649544158942,6.56956883640976,6.62082247802293,6.5239555281307,6.51794383694395,6.80553744132249,6.24581819506532,6.3752197245287,6.75743400371706,6.48678203773592,6.62403803181102,6.23296491736494,6.45814555873924,6.64547194897256,6.36110911942852,6.46394969526629,6.28424860089178
"ILMN_2073732",7.9365483869574,8.05781507569272,7.97930612840875,7.82449205448746,8.03164715644451,8.24643470354425,8.50892346225364,8.51507217396387,8.70697337950531,8.65813736021262,8.42419887203698,8.50208758801798,8.70176600774827,8.71063641697861,9.19559681112886,8.86707057506,9.1317938925893,9.02241304194725,8.81714511176414,8.90701137010537,8.92743453568147,8.87135719734917,8.84475836589927,8.72141462608682,8.76151706155199,8.86123101733095,9.16785647786412,9.15510886071267,9.17663179208511,8.6779097202111,8.98687935223228,9.27027254648979,8.94285354491624,9.21797835735436,9.00923745249342
"ILMN_1721657",7.90672207096835,8.11474538233147,8.06313995282223,8.07981735220912,7.82417727103464,7.59812167295529,8.14169052731456,8.08676254846826,8.14169052731456,8.61735531965634,8.50892346225364,8.09034356132517,8.27398346943904,8.94320032945634,8.81653696224803,8.97423126829718,8.68101434366901,8.66138232006134,8.74159592395006,8.8241587551426,8.68641474529151,8.57269673299059,8.59072853486524,8.22025906548134,8.5574066596909,8.50208758801798,9.00537081718179,8.79592995426964,8.90040609563804,8.82177934937275,8.62572530960831,8.32932348675229,9.02968665912972,9.08888087655223,8.72903428004868
"ILMN_1738883",7.06069834488782,7.20600169403478,7.05175917871719,7.28654524268312,7.24840299523264,7.40672532149249,7.34417075703308,7.38985274841413,7.24975109747884,7.00255679460207,7.19417878329732,7.157230288647,6.87010378107917,7.07848084687206,6.55506893812792,6.67143556174418,6.47272272393239,6.45940535537184,6.77160676550118,6.59357858006282,6.54813307275914,6.59218352089595,6.53001045744356,6.62044922528522,6.67213546491522,6.73350417854273,6.71085783218633,6.68154722716674,6.5535182789949,6.56191657129341,6.76353867354114,6.62205546154242,6.61527752685939,6.3571019522884,6.68002602092608
"ILMN_1672124",8.43152602596929,8.8843213941218,7.76833618748538,7.52260925436366,7.76433204470342,8.55028807063152,8.01008866052279,8.43451400485424,8.03617950944418,7.17360208951663,7.18708188799838,7.83585062048005,7.6744597736369,7.26051633503343,6.86090804764868,6.81728930063397,6.8520226558089,6.60555754012084,7.14698480803326,6.93689364470649,6.82320481589401,6.45979938340804,7.31868425013291,7.05150223282153,7.43764466665818,7.27270076559364,6.70953681942241,6.64772423215752,6.81570662749606,6.09522359988964,7.42743871316519,7.1805026837599,7.08342399323826,7.46130530168741,6.75345518836915
"ILMN_1777296",13.579683354102,13.8352888639179,13.666509847415,13.640593055791,14.5841195847815,13.9187361414319,14.0810343841589,14.3883821865228,13.7935886696946,13.2395908431286,13.4516192966019,13.2551247319836,12.5679653300401,13.7371732187841,12.9389702331167,13.0180336024916,13.0037370343542,13.3322402174693,13.0450005204944,13.2551247319836,13.0112070593921,13.2629592324003,12.3328623744032,13.3246707578871,13.119714938689,13.2234876129964,12.8099208533403,13.3096110917721,13.1818442423519,12.5773637132401,12.8099208533403,12.6635195158616,13.1672321721251,12.9464040550478,12.8680357769613
"ILMN_1786532",8.52183017560256,8.54823427933997,8.42318211604684,7.63228382149133,7.9065192673423,7.99376833129552,8.10259566917699,7.91981488015776,8.21959502914927,7.30469216913726,7.82732471377957,7.45941003681194,7.74758263210989,6.91084195020488,7.34276021559618,7.13432072951509,7.26120494949812,7.4108582459104,7.23866477576005,7.59812167295529,7.63611274706917,7.34037440002078,7.47950412086638,7.15677070128331,7.30585588842202,7.42686167356155,7.31694940461668,7.08463660762431,7.45433448790734,7.46749688418113,7.67242731216195,7.77822537607616,7.06571953077195,7.65552231391496,7.70752882490082
"ILMN_1753111",10.3119593868061,10.8709519926953,10.7086839945421,10.7574510674263,10.819890320745,10.771388047808,10.7969432556736,10.9596519647084,10.6499002956863,10.4708099008473,10.2696960602325,10.7534990270605,10.316109388067,8.95080053547546,8.35495607424678,7.94202639021637,8.27589271973462,8.19703178940682,8.48346419722442,8.59293760832899,8.71465687299969,8.54097115856637,8.89032142460626,8.99905405827467,8.36543993307773,8.20911051697005,8.86384178965918,8.99258570871053,9.37013958996323,8.62414029909482,7.95474541955061,8.81776995480761,8.61643132679311,8.42529593708579,9.24260611133004
"ILMN_2263466",6.65158593889443,6.62365142919755,6.75467900339545,6.86304284105412,7.08628739780254,6.81536882340845,6.73282521720877,7.03428614798087,7.01197448947724,6.6583176119318,6.33652877923025,6.40576007143728,6.33729258244489,6.28237248257271,6.2172073345813,6.35785860405536,6.29041331850163,6.32469031025141,6.56956883640976,6.65342260525844,6.58367645155526,6.29706117591514,6.39179426836772,6.45620744984408,6.34705222097359,6.20078631222702,6.64493595265533,6.67922587390764,6.52038655703832,6.41882779600182,6.3866153359103,6.47307449154081,6.32152895358184,6.35549023782679,6.2376701730281
"ILMN_1693650",10.1603225803944,9.68255402662597,9.30660385584576,9.59806296829473,9.80430417427403,9.87674099164956,9.81533055512133,9.84438822498025,10.0232447762097,9.30832929773262,9.49538660527145,9.36181599720575,9.67139300161696,9.51317830360746,8.49921594656413,8.48582113409156,8.66882258177386,8.89910954764464,8.65466415482087,8.70176600774827,8.59798148396791,8.59265236824779,8.41508867390071,8.36094503832487,8.51418456790832,8.84932196907322,8.64015395052598,8.64185510432657,8.29385569831198,7.85788112957849,8.64947540699234,8.60372594158213,8.60996070474026,8.37533630355118,8.74222673618572
"ILMN_2094905",7.46606714508892,7.36533708482294,7.3597043856266,7.28654524268312,7.16214750981345,7.48276625632821,7.22376779188905,7.18383435022064,7.19584449768184,6.72975731378062,6.63556772213054,7.31513230297448,7.16796173720423,6.5908795471745,6.83336063753445,6.67550138350443,6.57030708681794,6.55482750763532,6.80128562030286,6.68139419168403,6.80937897370572,6.61323288459619,6.78812714943274,6.64552294302622,6.57978068344337,6.6104286241781,6.67836371148014,6.4322033298427,6.94956892828689,7.09669089298847,6.63336482764861,6.97188184806618,6.30714205178518,6.82494171190664,6.68583257659253
"ILMN_1751345",6.89550833045622,6.84596798047964,6.87993087807615,6.79296986323423,7.09004306445694,7.14284111068066,7.03271081660135,7.17893551402,6.78104240736484,6.75837376408474,6.62880813107974,7.0878592489724,6.54590765859494,6.53892793405789,6.52117144827307,6.44314864899209,6.41487237509167,6.31483006527596,6.43048310262804,6.32031080035619,6.61726734794398,6.59318284691882,6.46370373429554,6.54782838523721,6.34940230951253,6.58906406804351,6.49918618217343,6.46079809888834,6.26254839628472,6.34938708759262,6.49627335034888,6.45249546758336,6.56777726224025,6.34086746456336,6.49644359991408
"ILMN_1768394",11.5698351229966,11.8625161054177,11.6371661537588,12.302544466197,12.1112346586006,12.0532757581732,12.0765436281713,12.1657096298828,12.2137201830375,12.8155135749458,12.2897716765404,13.0642029682873,12.9903556069123,12.4801397448573,12.8680357769613,12.8564018017146,12.5773637132401,12.3464223221054,12.9847869354884,13.0311468803855,12.7813194434792,12.6900227712246,12.4469266129441,12.5541509713644,12.7115317605838,12.7925675444042,12.9903556069123,12.7387788471036,12.5679653300401,12.2721972510422,12.2939839031572,12.6051719734057,12.4070357720846,12.7487146807303,12.5309527381418
"ILMN_1699226",9.54445634379287,9.34409249707149,9.20671752925159,8.34039091761598,8.92781239247245,8.57766443935049,8.76695946146872,8.79910016550443,8.65353369199548,7.96126799099535,8.67470641244025,8.51743884330234,8.26348944793873,8.55668945033666,7.5680016220506,7.78218788738258,7.76242663042916,7.88748561378516,7.83266910941612,8.13235712588198,7.8039228816619,8.01192626798063,7.73043766591079,8.18682898300965,8.09771883452171,8.21467631430445,7.90469689869629,8.22531908514323,7.77484500349685,7.89204443269192,8.40466337457303,8.29886578839665,8.20663079300087,8.01256475847992,7.73346053024028
"ILMN_2395974",9.15510886071267,9.39119640490676,9.15743223862093,9.240960153118,9.39301751554591,9.48822396677321,9.14605657696164,9.40773228132663,9.08046050982554,9.27720039632114,8.82801311918127,9.42458627552406,8.95161596129222,8.26716785400367,8.31143197967426,8.08740115533003,8.07773152386024,8.22996857263874,8.0987854002091,8.44917564616336,8.49129411736194,8.33839898775273,8.41814462791639,8.1486446399622,8.18879336664251,8.4397464588189,8.13960083053777,7.88804555935466,8.3563600250288,8.38717082446508,8.21445517882258,8.47819879113958,8.00177851596362,8.16919383997037,8.47431521881668
